"","clase","superviviente","sex","edad","sibsp","parch","precio_ticket"
"1","PRIMERA","SI","female","ADULTO",0,0,"BAJO"
"2","PRIMERA","SI","male","MENOR",1,2,"BAJO"
"3","PRIMERA","NO","female","MENOR",1,2,"BAJO"
"4","PRIMERA","NO","male","ADULTO",1,2,"BAJO"
"5","PRIMERA","NO","female","ADULTO",1,2,"BAJO"
"6","PRIMERA","SI","male","ADULTO",0,0,"BAJO"
"7","PRIMERA","SI","female","ADULTO",1,0,"ALTO"
"8","PRIMERA","NO","male","ADULTO",0,0,"BAJO"
"9","PRIMERA","SI","female","ADULTO",2,0,"ALTO"
"10","PRIMERA","NO","male","ADULTO",0,0,"ALTO"
"11","PRIMERA","NO","male","ADULTO",1,0,"BAJO"
"12","PRIMERA","SI","female","ADULTO",1,0,"BAJO"
"13","PRIMERA","SI","female","ADULTO",0,0,"ALTO"
"14","PRIMERA","SI","female","ADULTO",0,0,"ALTO"
"15","PRIMERA","SI","male","ADULTO",0,0,"ALTO"
"16","PRIMERA","NO","male","ADULTO",0,0,"BAJO"
"17","PRIMERA","NO","male","ADULTO",0,1,"BAJO"
"18","PRIMERA","SI","female","ADULTO",0,1,"BAJO"
"19","PRIMERA","SI","female","ADULTO",0,0,"ALTO"
"20","PRIMERA","NO","male","ADULTO",0,0,"ALTO"
"21","PRIMERA","SI","male","ADULTO",1,1,"ALTO"
"22","PRIMERA","SI","female","ADULTO",1,1,"ALTO"
"23","PRIMERA","SI","male","ADULTO",0,0,"ALTO"
"24","PRIMERA","SI","female","ADULTO",0,0,"BAJO"
"25","PRIMERA","SI","female","ADULTO",0,0,"BAJO"
"26","PRIMERA","NO","male","ADULTO",0,0,"BAJO"
"27","PRIMERA","SI","male","ADULTO",1,0,"ALTO"
"28","PRIMERA","SI","female","ADULTO",1,0,"ALTO"
"29","PRIMERA","SI","female","ADULTO",0,0,"BAJO"
"30","PRIMERA","SI","male","ADULTO",0,0,"BAJO"
"31","PRIMERA","NO","male","ADULTO",0,0,"ALTO"
"32","PRIMERA","SI","male","ADULTO",0,0,"ALTO"
"33","PRIMERA","SI","female","ADULTO",0,0,"BAJO"
"34","PRIMERA","SI","female","ADULTO",0,0,"BAJO"
"35","PRIMERA","NO","male","ADULTO",0,0,"BAJO"
"36","PRIMERA","SI","female","ADULTO",0,0,"ALTO"
"37","PRIMERA","SI","female","ADULTO",0,1,"ALTO"
"38","PRIMERA","SI","male","ADULTO",0,0,"BAJO"
"39","PRIMERA","NO","male","ADULTO",0,0,"ALTO"
"40","PRIMERA","NO","male","ADULTO",0,0,"ALTO"
"41","PRIMERA","NO","male","ADULTO",0,0,"ALTO"
"42","PRIMERA","SI","female","ADULTO",0,0,"ALTO"
"43","PRIMERA","SI","female","ADULTO",2,0,"ALTO"
"44","PRIMERA","SI","female","ADULTO",0,0,"ALTO"
"45","PRIMERA","SI","female","ADULTO",0,0,"BAJO"
"46","PRIMERA","NO","male","ADULTO",0,0,"BAJO"
"47","PRIMERA","NO","male","ADULTO",0,0,"ALTO"
"48","PRIMERA","SI","male","ADULTO",0,0,"ALTO"
"49","PRIMERA","SI","female","ADULTO",0,0,"ALTO"
"50","PRIMERA","SI","male","ADULTO",0,1,"ALTO"
"51","PRIMERA","SI","female","ADULTO",0,1,"ALTO"
"52","PRIMERA","NO","male","ADULTO",0,0,"ALTO"
"53","PRIMERA","NO","male","ADULTO",0,0,"ALTO"
"54","PRIMERA","NO","male","MENOR",0,0,"ALTO"
"55","PRIMERA","SI","male","MENOR",1,2,"BAJO"
"56","PRIMERA","SI","female","MENOR",1,2,"BAJO"
"57","PRIMERA","SI","male","ADULTO",1,2,"BAJO"
"58","PRIMERA","SI","female","ADULTO",1,2,"BAJO"
"59","PRIMERA","NO","male","ADULTO",0,0,"BAJO"
"60","PRIMERA","SI","female","ADULTO",0,0,"ALTO"
"61","PRIMERA","NO","male","ADULTO",1,0,"ALTO"
"62","PRIMERA","SI","female","ADULTO",1,0,"ALTO"
"63","PRIMERA","NO","male","ADULTO",1,0,"ALTO"
"64","PRIMERA","SI","female","ADULTO",1,0,"ALTO"
"65","PRIMERA","SI","male","ADULTO",1,0,"ALTO"
"66","PRIMERA","SI","female","ADULTO",1,0,"ALTO"
"67","PRIMERA","SI","female","ADULTO",0,0,"ALTO"
"68","PRIMERA","SI","female","ADULTO",0,0,"ALTO"
"69","PRIMERA","SI","male","ADULTO",0,0,"ALTO"
"70","PRIMERA","SI","female","ADULTO",0,1,"ALTO"
"71","PRIMERA","NO","male","ADULTO",0,0,"BAJO"
"72","PRIMERA","NO","male","ADULTO",1,0,"BAJO"
"73","PRIMERA","SI","female","ADULTO",1,0,"BAJO"
"74","PRIMERA","SI","female","ADULTO",0,0,"BAJO"
"75","PRIMERA","NO","male","ADULTO",0,0,"ALTO"
"76","PRIMERA","NO","male","ADULTO",0,0,"BAJO"
"77","PRIMERA","SI","female","ADULTO",1,1,"ALTO"
"78","PRIMERA","NO","male","ADULTO",1,1,"ALTO"
"79","PRIMERA","SI","female","ADULTO",0,2,"ALTO"
"80","PRIMERA","SI","female","ADULTO",2,0,"BAJO"
"81","PRIMERA","NO","male","ADULTO",0,0,"BAJO"
"82","PRIMERA","NO","male","ADULTO",1,1,"ALTO"
"83","PRIMERA","SI","female","ADULTO",0,2,"ALTO"
"84","PRIMERA","SI","female","ADULTO",1,1,"BAJO"
"85","PRIMERA","NO","male","ADULTO",1,0,"ALTO"
"86","PRIMERA","SI","female","ADULTO",1,0,"ALTO"
"87","PRIMERA","SI","male","ADULTO",0,0,"BAJO"
"88","PRIMERA","SI","male","ADULTO",0,0,"ALTO"
"89","PRIMERA","SI","female","ADULTO",0,0,"BAJO"
"90","PRIMERA","NO","male","ADULTO",1,0,"ALTO"
"91","PRIMERA","SI","female","ADULTO",1,2,"ALTO"
"92","PRIMERA","SI","male","ADULTO",1,0,"ALTO"
"93","PRIMERA","SI","female","MENOR",1,0,"ALTO"
"94","PRIMERA","SI","male","ADULTO",1,1,"ALTO"
"95","PRIMERA","SI","male","MENOR",0,2,"ALTO"
"96","PRIMERA","SI","female","ADULTO",1,1,"ALTO"
"97","PRIMERA","NO","male","ADULTO",1,0,"BAJO"
"98","PRIMERA","SI","female","ADULTO",1,1,"BAJO"
"99","PRIMERA","SI","female","ADULTO",1,0,"BAJO"
"100","PRIMERA","SI","female","ADULTO",1,0,"ALTO"
"101","PRIMERA","SI","male","ADULTO",1,0,"ALTO"
"102","PRIMERA","NO","male","ADULTO",0,0,"ALTO"
"103","PRIMERA","SI","female","ADULTO",0,1,"ALTO"
"104","PRIMERA","SI","female","ADULTO",0,0,"BAJO"
"105","PRIMERA","SI","female","ADULTO",1,0,"ALTO"
"106","PRIMERA","NO","female","ADULTO",0,0,"ALTO"
"107","PRIMERA","NO","male","ADULTO",0,0,"BAJO"
"108","PRIMERA","SI","female","ADULTO",0,0,"ALTO"
"109","PRIMERA","SI","female","ADULTO",0,0,"BAJO"
"110","PRIMERA","SI","male","ADULTO",0,0,"ALTO"
"111","PRIMERA","NO","male","ADULTO",0,0,"ALTO"
"112","PRIMERA","SI","female","ADULTO",3,2,"ALTO"
"113","PRIMERA","SI","female","ADULTO",3,2,"ALTO"
"114","PRIMERA","SI","female","ADULTO",3,2,"ALTO"
"115","PRIMERA","NO","male","ADULTO",3,2,"ALTO"
"116","PRIMERA","NO","male","ADULTO",1,4,"ALTO"
"117","PRIMERA","SI","female","ADULTO",1,4,"ALTO"
"118","PRIMERA","SI","female","ADULTO",0,0,"ALTO"
"119","PRIMERA","NO","male","ADULTO",0,0,"BAJO"
"120","PRIMERA","SI","male","ADULTO",2,0,"BAJO"
"121","PRIMERA","SI","male","ADULTO",1,0,"ALTO"
"122","PRIMERA","SI","female","ADULTO",1,0,"BAJO"
"123","PRIMERA","SI","female","ADULTO",0,2,"ALTO"
"124","PRIMERA","SI","male","ADULTO",1,1,"ALTO"
"125","PRIMERA","SI","female","ADULTO",1,1,"ALTO"
"126","PRIMERA","NO","male","ADULTO",0,0,"BAJO"
"127","PRIMERA","NO","male","ADULTO",1,0,"ALTO"
"128","PRIMERA","SI","female","ADULTO",1,0,"ALTO"
"129","PRIMERA","NO","male","ADULTO",0,0,"ALTO"
"130","PRIMERA","SI","female","ADULTO",0,0,"BAJO"
"131","PRIMERA","SI","female","ADULTO",0,1,"ALTO"
"132","PRIMERA","SI","female","ADULTO",0,1,"ALTO"
"133","PRIMERA","NO","male","ADULTO",0,0,"ALTO"
"134","PRIMERA","SI","male","ADULTO",1,0,"ALTO"
"135","PRIMERA","SI","female","ADULTO",1,0,"ALTO"
"136","PRIMERA","NO","male","ADULTO",0,0,"ALTO"
"137","PRIMERA","SI","male","ADULTO",0,0,"ALTO"
"138","PRIMERA","SI","female","ADULTO",0,0,"ALTO"
"139","PRIMERA","NO","male","ADULTO",0,1,"BAJO"
"140","PRIMERA","SI","female","ADULTO",0,1,"BAJO"
"141","PRIMERA","SI","male","ADULTO",0,1,"ALTO"
"142","PRIMERA","SI","female","ADULTO",0,1,"ALTO"
"143","PRIMERA","NO","male","ADULTO",0,0,"ALTO"
"144","PRIMERA","SI","male","ADULTO",1,0,"ALTO"
"145","PRIMERA","SI","female","ADULTO",1,0,"ALTO"
"146","PRIMERA","SI","male","ADULTO",1,0,"ALTO"
"147","PRIMERA","SI","female","ADULTO",1,0,"ALTO"
"148","PRIMERA","NO","male","ADULTO",0,0,"ALTO"
"149","PRIMERA","NO","male","ADULTO",1,0,"ALTO"
"150","PRIMERA","SI","female","ADULTO",1,0,"ALTO"
"151","PRIMERA","NO","male","ADULTO",0,0,"BAJO"
"152","PRIMERA","SI","male","ADULTO",0,0,"ALTO"
"153","PRIMERA","SI","male","ADULTO",0,0,"ALTO"
"154","PRIMERA","SI","female","ADULTO",0,0,"ALTO"
"155","PRIMERA","NO","male","ADULTO",1,1,"ALTO"
"156","PRIMERA","SI","female","ADULTO",1,1,"ALTO"
"157","PRIMERA","NO","male","ADULTO",0,0,"ALTO"
"158","PRIMERA","NO","male","ADULTO",0,0,"ALTO"
"159","PRIMERA","NO","male","ADULTO",0,0,"ALTO"
"160","PRIMERA","SI","female","MENOR",0,1,"ALTO"
"161","PRIMERA","SI","female","ADULTO",0,1,"ALTO"
"162","PRIMERA","SI","female","ADULTO",1,0,"ALTO"
"163","PRIMERA","NO","male","ADULTO",1,0,"ALTO"
"164","PRIMERA","SI","female","ADULTO",1,0,"ALTO"
"165","PRIMERA","SI","male","ADULTO",0,0,"BAJO"
"166","PRIMERA","SI","male","ADULTO",1,0,"ALTO"
"167","PRIMERA","NO","male","ADULTO",0,0,"ALTO"
"168","PRIMERA","SI","female","ADULTO",1,0,"ALTO"
"169","PRIMERA","SI","female","ADULTO",0,0,"ALTO"
"170","PRIMERA","NO","female","ADULTO",0,0,"ALTO"
"171","PRIMERA","SI","male","ADULTO",0,0,"BAJO"
"172","PRIMERA","NO","male","ADULTO",0,0,"BAJO"
"173","PRIMERA","NO","male","ADULTO",0,0,"BAJO"
"174","PRIMERA","NO","male","ADULTO",0,0,"BAJO"
"175","PRIMERA","NO","male","ADULTO",0,0,"ALTO"
"176","PRIMERA","NO","male","ADULTO",1,0,"ALTO"
"177","PRIMERA","SI","female","ADULTO",1,0,"ALTO"
"178","PRIMERA","SI","male","ADULTO",1,0,"ALTO"
"179","PRIMERA","SI","female","ADULTO",1,0,"ALTO"
"180","PRIMERA","NO","male","ADULTO",0,0,"BAJO"
"181","PRIMERA","SI","female","ADULTO",0,0,"BAJO"
"182","PRIMERA","SI","female","ADULTO",0,0,"BAJO"
"183","PRIMERA","SI","female","ADULTO",0,0,"BAJO"
"184","PRIMERA","SI","male","ADULTO",0,0,"ALTO"
"185","PRIMERA","NO","male","ADULTO",0,0,"ALTO"
"186","PRIMERA","NO","male","ADULTO",0,0,"BAJO"
"187","PRIMERA","SI","female","ADULTO",0,0,"ALTO"
"188","PRIMERA","SI","female","MENOR",0,1,"ALTO"
"189","PRIMERA","SI","female","ADULTO",0,1,"ALTO"
"190","PRIMERA","NO","male","ADULTO",0,0,"ALTO"
"191","PRIMERA","SI","female","ADULTO",0,0,"ALTO"
"192","PRIMERA","NO","male","ADULTO",0,0,"ALTO"
"193","PRIMERA","SI","female","ADULTO",0,0,"BAJO"
"194","PRIMERA","SI","female","MENOR",0,1,"BAJO"
"195","PRIMERA","NO","male","ADULTO",0,0,"BAJO"
"196","PRIMERA","SI","female","MENOR",0,0,"ALTO"
"197","PRIMERA","SI","male","ADULTO",0,0,"ALTO"
"198","PRIMERA","NO","male","ADULTO",1,0,"ALTO"
"199","PRIMERA","SI","female","ADULTO",1,0,"ALTO"
"200","PRIMERA","SI","female","ADULTO",0,0,"ALTO"
"201","PRIMERA","NO","male","ADULTO",0,0,"ALTO"
"202","PRIMERA","NO","male","ADULTO",0,0,"ALTO"
"203","PRIMERA","SI","male","ADULTO",0,0,"ALTO"
"204","PRIMERA","NO","male","ADULTO",1,0,"ALTO"
"205","PRIMERA","SI","female","ADULTO",1,0,"ALTO"
"206","PRIMERA","NO","male","ADULTO",0,0,"BAJO"
"207","PRIMERA","NO","male","ADULTO",2,0,"ALTO"
"208","PRIMERA","SI","female","ADULTO",1,0,"ALTO"
"209","PRIMERA","SI","female","ADULTO",1,0,"ALTO"
"210","PRIMERA","SI","male","ADULTO",1,0,"ALTO"
"211","PRIMERA","NO","male","ADULTO",0,0,"ALTO"
"212","PRIMERA","NO","male","ADULTO",0,0,"ALTO"
"213","PRIMERA","NO","male","ADULTO",0,1,"ALTO"
"214","PRIMERA","SI","female","ADULTO",1,0,"BAJO"
"215","PRIMERA","SI","female","ADULTO",1,0,"BAJO"
"216","PRIMERA","NO","male","ADULTO",0,2,"BAJO"
"217","PRIMERA","SI","female","ADULTO",0,2,"ALTO"
"218","PRIMERA","NO","male","ADULTO",0,0,"BAJO"
"219","PRIMERA","SI","female","ADULTO",0,0,"BAJO"
"220","PRIMERA","SI","male","ADULTO",0,0,"BAJO"
"221","PRIMERA","SI","female","ADULTO",0,1,"ALTO"
"222","PRIMERA","NO","male","ADULTO",0,1,"ALTO"
"223","PRIMERA","NO","male","ADULTO",0,0,"ALTO"
"224","PRIMERA","NO","male","ADULTO",0,0,"BAJO"
"225","PRIMERA","NO","male","ADULTO",0,0,"ALTO"
"226","PRIMERA","NO","male","ADULTO",0,0,"ALTO"
"227","PRIMERA","NO","male","ADULTO",1,0,"ALTO"
"228","PRIMERA","SI","female","ADULTO",1,0,"ALTO"
"229","PRIMERA","NO","male","ADULTO",1,0,"BAJO"
"230","PRIMERA","SI","female","MENOR",1,0,"BAJO"
"231","PRIMERA","SI","female","ADULTO",0,0,"ALTO"
"232","PRIMERA","SI","male","ADULTO",0,0,"ALTO"
"233","PRIMERA","NO","male","ADULTO",0,0,"ALTO"
"234","PRIMERA","SI","female","ADULTO",0,1,"ALTO"
"235","PRIMERA","NO","male","ADULTO",0,0,"BAJO"
"236","PRIMERA","SI","male","ADULTO",0,0,"ALTO"
"237","PRIMERA","NO","male","ADULTO",0,0,"BAJO"
"238","PRIMERA","NO","male","ADULTO",0,0,"BAJO"
"239","PRIMERA","SI","female","ADULTO",0,1,"BAJO"
"240","PRIMERA","NO","male","ADULTO",0,0,"ALTO"
"241","PRIMERA","SI","male","ADULTO",0,0,"BAJO"
"242","PRIMERA","NO","male","ADULTO",0,0,"ALTO"
"243","PRIMERA","SI","female","ADULTO",0,0,"ALTO"
"244","PRIMERA","NO","male","ADULTO",0,0,"ALTO"
"245","PRIMERA","NO","male","ADULTO",0,0,"ALTO"
"246","PRIMERA","SI","female","ADULTO",0,0,"ALTO"
"247","PRIMERA","NO","male","ADULTO",1,0,"ALTO"
"248","PRIMERA","SI","female","ADULTO",1,0,"ALTO"
"249","PRIMERA","NO","male","ADULTO",0,0,"BAJO"
"250","PRIMERA","SI","male","MENOR",2,2,"ALTO"
"251","PRIMERA","SI","female","ADULTO",2,2,"ALTO"
"252","PRIMERA","SI","female","ADULTO",2,2,"ALTO"
"253","PRIMERA","NO","male","ADULTO",1,3,"ALTO"
"254","PRIMERA","SI","female","ADULTO",1,3,"ALTO"
"255","PRIMERA","SI","male","ADULTO",0,0,"ALTO"
"256","PRIMERA","SI","female","ADULTO",0,0,"ALTO"
"257","PRIMERA","SI","male","ADULTO",0,0,"BAJO"
"258","PRIMERA","SI","female","ADULTO",1,0,"ALTO"
"259","PRIMERA","SI","female","ADULTO",0,0,"ALTO"
"260","PRIMERA","SI","male","ADULTO",0,0,"BAJO"
"261","PRIMERA","SI","female","ADULTO",0,0,"BAJO"
"262","PRIMERA","SI","male","ADULTO",0,0,"ALTO"
"263","PRIMERA","NO","male","ADULTO",1,0,"ALTO"
"264","PRIMERA","SI","female","ADULTO",1,0,"ALTO"
"265","PRIMERA","SI","male","ADULTO",0,0,"ALTO"
"266","PRIMERA","SI","male","ADULTO",0,0,"ALTO"
"267","PRIMERA","NO","male","ADULTO",0,0,"BAJO"
"268","PRIMERA","NO","male","ADULTO",0,0,"ALTO"
"269","PRIMERA","NO","male","ADULTO",1,0,"ALTO"
"270","PRIMERA","NO","male","ADULTO",0,0,"BAJO"
"271","PRIMERA","SI","female","ADULTO",1,0,"ALTO"
"272","PRIMERA","SI","male","ADULTO",1,0,"ALTO"
"273","PRIMERA","SI","female","ADULTO",1,0,"ALTO"
"274","PRIMERA","SI","male","MENOR",0,2,"BAJO"
"275","PRIMERA","SI","male","ADULTO",1,1,"BAJO"
"276","PRIMERA","SI","female","ADULTO",1,1,"BAJO"
"277","PRIMERA","NO","male","ADULTO",1,0,"BAJO"
"278","PRIMERA","SI","female","ADULTO",1,0,"BAJO"
"279","PRIMERA","SI","male","ADULTO",0,0,"ALTO"
"280","PRIMERA","NO","male","ADULTO",0,0,"BAJO"
"281","PRIMERA","SI","male","ADULTO",1,0,"ALTO"
"282","PRIMERA","SI","female","ADULTO",1,0,"ALTO"
"283","PRIMERA","SI","female","ADULTO",1,0,"ALTO"
"284","PRIMERA","NO","male","ADULTO",0,0,"ALTO"
"285","PRIMERA","SI","female","ADULTO",0,0,"ALTO"
"286","PRIMERA","NO","male","ADULTO",1,0,"BAJO"
"287","PRIMERA","NO","female","ADULTO",1,0,"BAJO"
"288","PRIMERA","NO","male","ADULTO",0,0,"ALTO"
"289","PRIMERA","SI","female","ADULTO",0,0,"BAJO"
"290","PRIMERA","SI","female","ADULTO",0,2,"ALTO"
"291","PRIMERA","NO","male","ADULTO",1,1,"ALTO"
"292","PRIMERA","SI","female","ADULTO",1,1,"ALTO"
"293","PRIMERA","SI","male","ADULTO",1,0,"ALTO"
"294","PRIMERA","SI","female","ADULTO",1,0,"ALTO"
"295","PRIMERA","NO","male","ADULTO",1,1,"BAJO"
"296","PRIMERA","SI","male","MENOR",0,2,"BAJO"
"297","PRIMERA","SI","female","ADULTO",1,1,"BAJO"
"298","PRIMERA","SI","female","ADULTO",0,0,"ALTO"
"299","PRIMERA","SI","male","ADULTO",0,0,"ALTO"
"300","PRIMERA","NO","male","ADULTO",0,0,"ALTO"
"301","PRIMERA","NO","male","ADULTO",0,0,"ALTO"
"302","PRIMERA","NO","male","ADULTO",0,0,"ALTO"
"303","PRIMERA","SI","female","ADULTO",0,0,"ALTO"
"304","PRIMERA","NO","male","ADULTO",1,0,"ALTO"
"305","PRIMERA","SI","female","ADULTO",1,0,"ALTO"
"306","PRIMERA","NO","male","ADULTO",0,0,"BAJO"
"307","PRIMERA","NO","male","ADULTO",0,1,"ALTO"
"308","PRIMERA","NO","male","ADULTO",0,1,"ALTO"
"309","PRIMERA","SI","female","ADULTO",0,0,"BAJO"
"310","PRIMERA","SI","female","ADULTO",0,2,"BAJO"
"311","PRIMERA","NO","male","ADULTO",1,1,"BAJO"
"312","PRIMERA","SI","female","ADULTO",1,1,"BAJO"
"313","PRIMERA","NO","male","ADULTO",1,1,"BAJO"
"314","PRIMERA","NO","male","ADULTO",0,2,"BAJO"
"315","PRIMERA","SI","female","ADULTO",1,1,"BAJO"
"316","PRIMERA","SI","female","ADULTO",0,0,"BAJO"
"317","PRIMERA","NO","male","ADULTO",0,1,"ALTO"
"318","PRIMERA","SI","male","ADULTO",0,1,"ALTO"
"319","PRIMERA","NO","male","ADULTO",0,0,"ALTO"
"320","PRIMERA","SI","female","ADULTO",0,0,"BAJO"
"321","PRIMERA","SI","male","ADULTO",0,0,"ALTO"
"322","PRIMERA","NO","male","ADULTO",0,0,"BAJO"
"323","PRIMERA","SI","female","ADULTO",0,0,"BAJO"
"324","SEGUNDA","NO","male","ADULTO",1,0,"BAJO"
"325","SEGUNDA","SI","female","ADULTO",1,0,"BAJO"
"326","SEGUNDA","NO","male","ADULTO",0,0,"BAJO"
"327","SEGUNDA","NO","male","ADULTO",0,0,"BAJO"
"328","SEGUNDA","NO","male","ADULTO",0,0,"BAJO"
"329","SEGUNDA","NO","male","ADULTO",1,0,"BAJO"
"330","SEGUNDA","SI","female","ADULTO",1,0,"BAJO"
"331","SEGUNDA","NO","male","ADULTO",0,0,"BAJO"
"332","SEGUNDA","NO","male","ADULTO",0,0,"BAJO"
"333","SEGUNDA","NO","male","ADULTO",0,0,"BAJO"
"334","SEGUNDA","SI","female","ADULTO",0,0,"BAJO"
"335","SEGUNDA","NO","male","ADULTO",0,0,"BAJO"
"336","SEGUNDA","NO","male","ADULTO",0,0,"BAJO"
"337","SEGUNDA","SI","male","ADULTO",1,0,"BAJO"
"338","SEGUNDA","SI","female","ADULTO",1,0,"BAJO"
"339","SEGUNDA","NO","male","ADULTO",0,0,"BAJO"
"340","SEGUNDA","SI","male","MENOR",2,1,"ALTO"
"341","SEGUNDA","SI","female","MENOR",2,1,"ALTO"
"342","SEGUNDA","SI","female","MENOR",2,1,"ALTO"
"343","SEGUNDA","SI","female","ADULTO",0,3,"ALTO"
"344","SEGUNDA","SI","male","ADULTO",0,0,"BAJO"
"345","SEGUNDA","SI","female","ADULTO",0,0,"BAJO"
"346","SEGUNDA","NO","male","ADULTO",0,0,"BAJO"
"347","SEGUNDA","NO","male","ADULTO",0,0,"BAJO"
"348","SEGUNDA","NO","male","ADULTO",0,0,"BAJO"
"349","SEGUNDA","NO","male","ADULTO",0,0,"BAJO"
"350","SEGUNDA","SI","female","ADULTO",0,0,"BAJO"
"351","SEGUNDA","SI","female","MENOR",0,2,"ALTO"
"352","SEGUNDA","NO","male","ADULTO",1,1,"ALTO"
"353","SEGUNDA","SI","female","ADULTO",1,1,"ALTO"
"354","SEGUNDA","SI","female","ADULTO",1,0,"BAJO"
"355","SEGUNDA","NO","male","ADULTO",1,0,"BAJO"
"356","SEGUNDA","SI","female","ADULTO",0,0,"BAJO"
"357","SEGUNDA","NO","male","ADULTO",0,0,"BAJO"
"358","SEGUNDA","NO","male","ADULTO",0,0,"BAJO"
"359","SEGUNDA","SI","female","ADULTO",0,0,"BAJO"
"360","SEGUNDA","SI","male","MENOR",0,2,"ALTO"
"361","SEGUNDA","SI","male","ADULTO",1,1,"ALTO"
"362","SEGUNDA","SI","female","ADULTO",1,1,"ALTO"
"363","SEGUNDA","SI","female","ADULTO",0,0,"BAJO"
"364","SEGUNDA","NO","male","ADULTO",0,0,"BAJO"
"365","SEGUNDA","NO","male","ADULTO",0,0,"BAJO"
"366","SEGUNDA","NO","female","ADULTO",1,0,"BAJO"
"367","SEGUNDA","NO","male","ADULTO",1,0,"BAJO"
"368","SEGUNDA","NO","male","ADULTO",0,0,"BAJO"
"369","SEGUNDA","NO","male","ADULTO",1,0,"BAJO"
"370","SEGUNDA","NO","female","ADULTO",1,0,"BAJO"
"371","SEGUNDA","SI","female","ADULTO",1,1,"ALTO"
"372","SEGUNDA","SI","female","ADULTO",0,2,"ALTO"
"373","SEGUNDA","NO","male","ADULTO",1,0,"BAJO"
"374","SEGUNDA","SI","female","ADULTO",1,0,"BAJO"
"375","SEGUNDA","NO","male","ADULTO",0,0,"BAJO"
"376","SEGUNDA","NO","male","ADULTO",0,0,"BAJO"
"377","SEGUNDA","SI","male","ADULTO",0,0,"BAJO"
"378","SEGUNDA","SI","female","MENOR",0,2,"BAJO"
"379","SEGUNDA","NO","male","ADULTO",1,1,"BAJO"
"380","SEGUNDA","SI","female","ADULTO",1,1,"BAJO"
"381","SEGUNDA","SI","female","ADULTO",0,0,"BAJO"
"382","SEGUNDA","NO","female","ADULTO",0,0,"BAJO"
"383","SEGUNDA","NO","female","ADULTO",0,0,"BAJO"
"384","SEGUNDA","NO","male","ADULTO",0,0,"BAJO"
"385","SEGUNDA","NO","male","ADULTO",0,0,"BAJO"
"386","SEGUNDA","SI","male","MENOR",1,1,"ALTO"
"387","SEGUNDA","NO","male","ADULTO",0,0,"ALTO"
"388","SEGUNDA","SI","female","ADULTO",0,2,"ALTO"
"389","SEGUNDA","SI","female","ADULTO",0,0,"BAJO"
"390","SEGUNDA","NO","male","ADULTO",0,0,"BAJO"
"391","SEGUNDA","NO","male","MENOR",0,0,"ALTO"
"392","SEGUNDA","NO","male","ADULTO",1,0,"ALTO"
"393","SEGUNDA","SI","female","ADULTO",1,0,"ALTO"
"394","SEGUNDA","NO","male","ADULTO",0,0,"ALTO"
"395","SEGUNDA","NO","male","ADULTO",0,0,"ALTO"
"396","SEGUNDA","SI","female","ADULTO",0,1,"BAJO"
"397","SEGUNDA","SI","female","ADULTO",0,1,"BAJO"
"398","SEGUNDA","NO","male","ADULTO",0,0,"BAJO"
"399","SEGUNDA","SI","male","MENOR",0,2,"ALTO"
"400","SEGUNDA","NO","male","ADULTO",1,1,"ALTO"
"401","SEGUNDA","SI","female","ADULTO",1,1,"ALTO"
"402","SEGUNDA","SI","female","ADULTO",1,0,"BAJO"
"403","SEGUNDA","SI","female","ADULTO",1,0,"BAJO"
"404","SEGUNDA","NO","male","ADULTO",0,0,"BAJO"
"405","SEGUNDA","NO","male","ADULTO",0,0,"BAJO"
"406","SEGUNDA","NO","male","ADULTO",0,0,"BAJO"
"407","SEGUNDA","NO","male","ADULTO",1,0,"BAJO"
"408","SEGUNDA","SI","female","ADULTO",1,0,"BAJO"
"409","SEGUNDA","NO","male","ADULTO",0,0,"BAJO"
"410","SEGUNDA","NO","male","ADULTO",0,0,"BAJO"
"411","SEGUNDA","NO","male","ADULTO",0,0,"BAJO"
"412","SEGUNDA","NO","female","ADULTO",0,0,"BAJO"
"413","SEGUNDA","NO","male","ADULTO",0,0,"BAJO"
"414","SEGUNDA","NO","male","ADULTO",1,0,"BAJO"
"415","SEGUNDA","NO","male","ADULTO",1,0,"BAJO"
"416","SEGUNDA","SI","female","ADULTO",0,0,"BAJO"
"417","SEGUNDA","NO","male","MENOR",0,0,"BAJO"
"418","SEGUNDA","NO","male","ADULTO",0,0,"BAJO"
"419","SEGUNDA","NO","male","ADULTO",0,0,"BAJO"
"420","SEGUNDA","NO","male","ADULTO",1,0,"BAJO"
"421","SEGUNDA","NO","male","ADULTO",1,0,"BAJO"
"422","SEGUNDA","NO","male","ADULTO",0,0,"BAJO"
"423","SEGUNDA","NO","male","ADULTO",0,0,"BAJO"
"424","SEGUNDA","NO","male","ADULTO",0,0,"BAJO"
"425","SEGUNDA","NO","male","ADULTO",0,0,"BAJO"
"426","SEGUNDA","NO","male","ADULTO",0,0,"BAJO"
"427","SEGUNDA","NO","male","ADULTO",0,0,"BAJO"
"428","SEGUNDA","SI","male","MENOR",1,1,"BAJO"
"429","SEGUNDA","SI","female","ADULTO",0,2,"BAJO"
"430","SEGUNDA","NO","male","ADULTO",0,0,"BAJO"
"431","SEGUNDA","SI","female","MENOR",0,1,"ALTO"
"432","SEGUNDA","NO","male","ADULTO",0,1,"ALTO"
"433","SEGUNDA","SI","male","ADULTO",0,0,"BAJO"
"434","SEGUNDA","NO","male","ADULTO",0,0,"BAJO"
"435","SEGUNDA","SI","female","MENOR",0,2,"BAJO"
"436","SEGUNDA","NO","male","ADULTO",1,1,"BAJO"
"437","SEGUNDA","SI","female","ADULTO",1,1,"BAJO"
"438","SEGUNDA","SI","female","ADULTO",1,2,"ALTO"
"439","SEGUNDA","SI","female","ADULTO",1,2,"ALTO"
"440","SEGUNDA","NO","male","ADULTO",1,2,"ALTO"
"441","SEGUNDA","SI","female","ADULTO",1,2,"ALTO"
"442","SEGUNDA","SI","female","ADULTO",0,0,"BAJO"
"443","SEGUNDA","NO","male","ADULTO",2,0,"ALTO"
"444","SEGUNDA","NO","male","ADULTO",2,0,"ALTO"
"445","SEGUNDA","NO","male","ADULTO",2,0,"ALTO"
"446","SEGUNDA","NO","female","ADULTO",1,1,"BAJO"
"447","SEGUNDA","SI","female","ADULTO",2,1,"BAJO"
"448","SEGUNDA","NO","male","ADULTO",2,1,"BAJO"
"449","SEGUNDA","NO","male","ADULTO",0,0,"BAJO"
"450","SEGUNDA","SI","female","ADULTO",1,3,"BAJO"
"451","SEGUNDA","NO","male","ADULTO",0,0,"BAJO"
"452","SEGUNDA","NO","male","ADULTO",1,0,"BAJO"
"453","SEGUNDA","SI","female","ADULTO",1,0,"BAJO"
"454","SEGUNDA","NO","male","ADULTO",0,0,"ALTO"
"455","SEGUNDA","SI","male","ADULTO",0,0,"BAJO"
"456","SEGUNDA","NO","male","ADULTO",1,0,"BAJO"
"457","SEGUNDA","NO","female","ADULTO",1,0,"BAJO"
"458","SEGUNDA","NO","male","ADULTO",0,0,"BAJO"
"459","SEGUNDA","SI","female","MENOR",0,0,"BAJO"
"460","SEGUNDA","NO","male","ADULTO",1,0,"ALTO"
"461","SEGUNDA","SI","female","ADULTO",2,1,"ALTO"
"462","SEGUNDA","NO","male","ADULTO",0,0,"BAJO"
"463","SEGUNDA","NO","male","ADULTO",2,0,"ALTO"
"464","SEGUNDA","NO","male","ADULTO",2,0,"ALTO"
"465","SEGUNDA","NO","male","ADULTO",0,0,"BAJO"
"466","SEGUNDA","SI","female","ADULTO",0,0,"BAJO"
"467","SEGUNDA","NO","male","ADULTO",1,0,"BAJO"
"468","SEGUNDA","SI","female","ADULTO",1,0,"BAJO"
"469","SEGUNDA","NO","female","ADULTO",0,0,"BAJO"
"470","SEGUNDA","SI","female","ADULTO",0,0,"BAJO"
"471","SEGUNDA","NO","male","ADULTO",0,0,"BAJO"
"472","SEGUNDA","SI","female","ADULTO",0,0,"BAJO"
"473","SEGUNDA","NO","male","ADULTO",0,0,"BAJO"
"474","SEGUNDA","NO","male","ADULTO",0,0,"BAJO"
"475","SEGUNDA","NO","male","ADULTO",0,0,"BAJO"
"476","SEGUNDA","NO","female","ADULTO",1,1,"BAJO"
"477","SEGUNDA","NO","male","ADULTO",1,1,"BAJO"
"478","SEGUNDA","NO","male","ADULTO",0,0,"BAJO"
"479","SEGUNDA","SI","female","MENOR",1,2,"ALTO"
"480","SEGUNDA","SI","female","MENOR",1,2,"ALTO"
"481","SEGUNDA","NO","male","ADULTO",1,2,"ALTO"
"482","SEGUNDA","SI","female","ADULTO",1,2,"ALTO"
"483","SEGUNDA","SI","female","MENOR",0,0,"BAJO"
"484","SEGUNDA","SI","female","ADULTO",0,0,"ALTO"
"485","SEGUNDA","SI","female","ADULTO",0,0,"BAJO"
"486","SEGUNDA","NO","male","ADULTO",0,0,"BAJO"
"487","SEGUNDA","NO","male","ADULTO",0,0,"BAJO"
"488","SEGUNDA","NO","male","ADULTO",0,0,"BAJO"
"489","SEGUNDA","NO","male","ADULTO",1,0,"BAJO"
"490","SEGUNDA","SI","female","ADULTO",1,0,"BAJO"
"491","SEGUNDA","NO","female","ADULTO",0,0,"BAJO"
"492","SEGUNDA","NO","male","ADULTO",0,0,"BAJO"
"493","SEGUNDA","SI","male","MENOR",0,2,"ALTO"
"494","SEGUNDA","NO","male","ADULTO",1,1,"ALTO"
"495","SEGUNDA","SI","female","ADULTO",1,1,"ALTO"
"496","SEGUNDA","NO","male","ADULTO",0,0,"BAJO"
"497","SEGUNDA","NO","male","ADULTO",0,0,"BAJO"
"498","SEGUNDA","NO","male","ADULTO",0,0,"BAJO"
"499","SEGUNDA","NO","male","ADULTO",0,0,"BAJO"
"500","SEGUNDA","NO","male","ADULTO",0,0,"BAJO"
"501","SEGUNDA","NO","male","ADULTO",0,0,"BAJO"
"502","SEGUNDA","SI","female","MENOR",0,1,"BAJO"
"503","SEGUNDA","SI","female","ADULTO",0,1,"BAJO"
"504","SEGUNDA","SI","male","ADULTO",0,0,"BAJO"
"505","SEGUNDA","NO","male","ADULTO",0,0,"BAJO"
"506","SEGUNDA","NO","male","ADULTO",0,0,"BAJO"
"507","SEGUNDA","NO","male","ADULTO",0,0,"BAJO"
"508","SEGUNDA","NO","male","ADULTO",0,0,"BAJO"
"509","SEGUNDA","NO","male","ADULTO",0,0,"BAJO"
"510","SEGUNDA","NO","male","ADULTO",0,0,"BAJO"
"511","SEGUNDA","NO","male","MENOR",0,0,"BAJO"
"512","SEGUNDA","NO","male","ADULTO",0,0,"ALTO"
"513","SEGUNDA","NO","male","ADULTO",1,0,"ALTO"
"514","SEGUNDA","SI","female","MENOR",1,0,"ALTO"
"515","SEGUNDA","SI","male","MENOR",1,1,"BAJO"
"516","SEGUNDA","SI","male","MENOR",1,1,"BAJO"
"517","SEGUNDA","NO","male","ADULTO",0,2,"BAJO"
"518","SEGUNDA","NO","male","ADULTO",0,0,"BAJO"
"519","SEGUNDA","NO","male","ADULTO",1,1,"ALTO"
"520","SEGUNDA","NO","male","ADULTO",0,0,"BAJO"
"521","SEGUNDA","SI","male","ADULTO",0,0,"BAJO"
"522","SEGUNDA","SI","female","ADULTO",0,0,"BAJO"
"523","SEGUNDA","NO","male","ADULTO",0,0,"BAJO"
"524","SEGUNDA","SI","male","ADULTO",0,0,"BAJO"
"525","SEGUNDA","SI","male","ADULTO",0,0,"BAJO"
"526","SEGUNDA","NO","male","ADULTO",0,0,"BAJO"
"527","SEGUNDA","SI","male","ADULTO",0,0,"BAJO"
"528","SEGUNDA","NO","male","ADULTO",0,0,"BAJO"
"529","SEGUNDA","NO","male","ADULTO",0,0,"BAJO"
"530","SEGUNDA","SI","female","ADULTO",0,1,"BAJO"
"531","SEGUNDA","NO","male","ADULTO",0,0,"BAJO"
"532","SEGUNDA","NO","male","ADULTO",0,0,"BAJO"
"533","SEGUNDA","NO","male","ADULTO",0,0,"BAJO"
"534","SEGUNDA","SI","female","ADULTO",0,1,"BAJO"
"535","SEGUNDA","SI","female","ADULTO",0,0,"BAJO"
"536","SEGUNDA","NO","male","ADULTO",0,1,"BAJO"
"537","SEGUNDA","SI","female","ADULTO",0,0,"BAJO"
"538","SEGUNDA","NO","male","ADULTO",0,0,"BAJO"
"539","SEGUNDA","SI","male","ADULTO",0,0,"BAJO"
"540","SEGUNDA","NO","male","ADULTO",0,0,"BAJO"
"541","SEGUNDA","SI","female","MENOR",1,1,"BAJO"
"542","SEGUNDA","SI","female","MENOR",1,1,"BAJO"
"543","SEGUNDA","SI","female","ADULTO",0,2,"BAJO"
"544","SEGUNDA","NO","male","ADULTO",0,0,"BAJO"
"545","SEGUNDA","NO","male","ADULTO",1,0,"BAJO"
"546","SEGUNDA","SI","female","ADULTO",3,0,"BAJO"
"547","SEGUNDA","SI","female","ADULTO",0,0,"BAJO"
"548","SEGUNDA","NO","male","ADULTO",0,0,"BAJO"
"549","SEGUNDA","SI","male","MENOR",1,1,"BAJO"
"550","SEGUNDA","SI","male","MENOR",1,1,"BAJO"
"551","SEGUNDA","SI","female","ADULTO",2,3,"BAJO"
"552","SEGUNDA","SI","female","ADULTO",0,0,"BAJO"
"553","SEGUNDA","NO","male","ADULTO",0,0,"BAJO"
"554","SEGUNDA","SI","female","ADULTO",0,0,"BAJO"
"555","SEGUNDA","NO","male","ADULTO",0,0,"BAJO"
"556","SEGUNDA","NO","male","ADULTO",0,0,"BAJO"
"557","SEGUNDA","NO","male","ADULTO",0,0,"BAJO"
"558","SEGUNDA","SI","female","ADULTO",0,1,"BAJO"
"559","SEGUNDA","SI","female","ADULTO",0,2,"BAJO"
"560","SEGUNDA","SI","female","ADULTO",0,0,"ALTO"
"561","SEGUNDA","SI","female","ADULTO",0,0,"BAJO"
"562","SEGUNDA","NO","male","ADULTO",0,0,"BAJO"
"563","SEGUNDA","SI","female","ADULTO",0,0,"BAJO"
"564","SEGUNDA","NO","male","ADULTO",0,0,"BAJO"
"565","SEGUNDA","SI","female","ADULTO",0,0,"BAJO"
"566","SEGUNDA","NO","male","ADULTO",0,0,"BAJO"
"567","SEGUNDA","NO","male","ADULTO",0,0,"BAJO"
"568","SEGUNDA","NO","male","ADULTO",0,0,"BAJO"
"569","SEGUNDA","NO","male","ADULTO",0,0,"BAJO"
"570","SEGUNDA","NO","male","MENOR",0,0,"ALTO"
"571","SEGUNDA","SI","female","ADULTO",0,0,"BAJO"
"572","SEGUNDA","NO","male","ADULTO",0,0,"BAJO"
"573","SEGUNDA","SI","female","ADULTO",0,0,"BAJO"
"574","SEGUNDA","SI","female","ADULTO",0,0,"BAJO"
"575","SEGUNDA","NO","male","ADULTO",1,0,"BAJO"
"576","SEGUNDA","NO","female","ADULTO",1,0,"BAJO"
"577","SEGUNDA","NO","male","ADULTO",0,0,"BAJO"
"578","SEGUNDA","SI","female","ADULTO",0,0,"BAJO"
"579","SEGUNDA","NO","male","ADULTO",1,0,"BAJO"
"580","SEGUNDA","NO","male","ADULTO",1,0,"BAJO"
"581","SEGUNDA","SI","female","ADULTO",0,0,"BAJO"
"582","SEGUNDA","NO","male","ADULTO",0,0,"BAJO"
"583","SEGUNDA","SI","female","MENOR",0,0,"BAJO"
"584","SEGUNDA","SI","female","ADULTO",0,0,"BAJO"
"585","SEGUNDA","SI","female","ADULTO",0,0,"BAJO"
"586","SEGUNDA","NO","male","ADULTO",1,0,"BAJO"
"587","SEGUNDA","SI","female","ADULTO",1,0,"BAJO"
"588","SEGUNDA","SI","male","MENOR",1,1,"BAJO"
"589","SEGUNDA","SI","female","MENOR",1,1,"BAJO"
"590","SEGUNDA","SI","female","ADULTO",0,2,"BAJO"
"591","SEGUNDA","SI","female","MENOR",1,2,"ALTO"
"592","SEGUNDA","SI","female","MENOR",1,2,"ALTO"
"593","SEGUNDA","NO","male","ADULTO",1,2,"ALTO"
"594","SEGUNDA","SI","female","ADULTO",1,2,"ALTO"
"595","SEGUNDA","NO","male","ADULTO",0,0,"BAJO"
"596","SEGUNDA","NO","male","ADULTO",0,0,"BAJO"
"597","SEGUNDA","SI","male","ADULTO",0,0,"BAJO"
"598","SEGUNDA","SI","male","ADULTO",0,0,"BAJO"
"599","SEGUNDA","SI","female","ADULTO",0,0,"BAJO"
"600","SEGUNDA","NO","female","ADULTO",0,0,"BAJO"
"601","TERCERA","NO","male","ADULTO",0,0,"ALTO"
"602","TERCERA","NO","male","MENOR",0,2,"BAJO"
"603","TERCERA","NO","male","MENOR",1,1,"BAJO"
"604","TERCERA","SI","female","ADULTO",1,1,"BAJO"
"605","TERCERA","SI","female","MENOR",0,0,"ALTO"
"606","TERCERA","SI","male","ADULTO",0,0,"ALTO"
"607","TERCERA","SI","male","ADULTO",0,0,"ALTO"
"608","TERCERA","SI","female","ADULTO",0,0,"ALTO"
"609","TERCERA","NO","male","ADULTO",0,0,"ALTO"
"610","TERCERA","NO","male","ADULTO",0,0,"ALTO"
"611","TERCERA","NO","female","ADULTO",1,0,"ALTO"
"612","TERCERA","SI","male","MENOR",0,1,"ALTO"
"613","TERCERA","SI","female","ADULTO",0,1,"ALTO"
"614","TERCERA","SI","male","ADULTO",0,0,"BAJO"
"615","TERCERA","NO","male","ADULTO",0,0,"ALTO"
"616","TERCERA","NO","male","ADULTO",0,0,"ALTO"
"617","TERCERA","NO","male","ADULTO",0,0,"ALTO"
"618","TERCERA","NO","male","ADULTO",0,0,"ALTO"
"619","TERCERA","NO","male","ADULTO",0,0,"ALTO"
"620","TERCERA","NO","male","ADULTO",0,0,"ALTO"
"621","TERCERA","NO","male","ADULTO",0,0,"BAJO"
"622","TERCERA","SI","female","ADULTO",1,0,"ALTO"
"623","TERCERA","NO","male","MENOR",4,2,"ALTO"
"624","TERCERA","NO","female","MENOR",4,2,"ALTO"
"625","TERCERA","NO","female","MENOR",4,2,"ALTO"
"626","TERCERA","SI","female","MENOR",4,2,"ALTO"
"627","TERCERA","NO","female","ADULTO",4,2,"ALTO"
"628","TERCERA","NO","female","MENOR",4,2,"ALTO"
"629","TERCERA","NO","female","MENOR",4,2,"ALTO"
"630","TERCERA","NO","male","ADULTO",1,5,"ALTO"
"631","TERCERA","SI","male","ADULTO",0,0,"ALTO"
"632","TERCERA","NO","male","ADULTO",0,0,"ALTO"
"633","TERCERA","NO","female","ADULTO",1,5,"ALTO"
"634","TERCERA","NO","male","ADULTO",0,0,"ALTO"
"635","TERCERA","NO","male","ADULTO",0,0,"ALTO"
"636","TERCERA","NO","male","ADULTO",1,0,"BAJO"
"637","TERCERA","NO","female","ADULTO",1,0,"BAJO"
"638","TERCERA","NO","male","ADULTO",0,0,"ALTO"
"639","TERCERA","NO","male","ADULTO",0,0,"ALTO"
"640","TERCERA","NO","male","MENOR",4,2,"ALTO"
"641","TERCERA","NO","male","MENOR",4,2,"ALTO"
"642","TERCERA","SI","male","MENOR",4,2,"ALTO"
"643","TERCERA","NO","male","MENOR",4,2,"ALTO"
"644","TERCERA","SI","female","MENOR",4,2,"ALTO"
"645","TERCERA","NO","male","ADULTO",1,5,"ALTO"
"646","TERCERA","SI","male","ADULTO",0,0,"ALTO"
"647","TERCERA","SI","female","ADULTO",1,5,"ALTO"
"648","TERCERA","SI","female","ADULTO",0,0,"ALTO"
"649","TERCERA","NO","male","ADULTO",0,0,"ALTO"
"650","TERCERA","NO","male","ADULTO",0,0,"ALTO"
"651","TERCERA","NO","female","ADULTO",0,0,"BAJO"
"652","TERCERA","NO","male","ADULTO",0,0,"ALTO"
"653","TERCERA","NO","male","ADULTO",0,0,"ALTO"
"654","TERCERA","SI","female","MENOR",0,0,"ALTO"
"655","TERCERA","NO","male","ADULTO",0,0,"ALTO"
"656","TERCERA","NO","male","ADULTO",1,0,"BAJO"
"657","TERCERA","SI","female","ADULTO",3,0,"BAJO"
"658","TERCERA","SI","female","MENOR",2,1,"BAJO"
"659","TERCERA","SI","female","MENOR",2,1,"BAJO"
"660","TERCERA","SI","female","MENOR",2,1,"BAJO"
"661","TERCERA","SI","female","ADULTO",0,3,"BAJO"
"662","TERCERA","SI","female","ADULTO",0,0,"ALTO"
"663","TERCERA","NO","male","ADULTO",0,0,"ALTO"
"664","TERCERA","NO","male","ADULTO",0,0,"ALTO"
"665","TERCERA","SI","male","ADULTO",0,0,"ALTO"
"666","TERCERA","NO","female","ADULTO",0,1,"BAJO"
"667","TERCERA","NO","female","ADULTO",0,1,"BAJO"
"668","TERCERA","NO","female","ADULTO",0,0,"ALTO"
"669","TERCERA","NO","male","ADULTO",0,0,"ALTO"
"670","TERCERA","NO","male","ADULTO",0,0,"ALTO"
"671","TERCERA","NO","male","ADULTO",0,0,"ALTO"
"672","TERCERA","NO","male","ADULTO",0,0,"ALTO"
"673","TERCERA","NO","male","MENOR",0,0,"ALTO"
"674","TERCERA","NO","male","ADULTO",0,0,"ALTO"
"675","TERCERA","SI","male","ADULTO",0,0,"ALTO"
"676","TERCERA","NO","male","ADULTO",0,0,"ALTO"
"677","TERCERA","NO","male","ADULTO",0,0,"ALTO"
"678","TERCERA","NO","male","ADULTO",0,0,"ALTO"
"679","TERCERA","NO","male","MENOR",1,1,"BAJO"
"680","TERCERA","NO","female","MENOR",1,1,"BAJO"
"681","TERCERA","NO","male","ADULTO",0,0,"ALTO"
"682","TERCERA","NO","female","ADULTO",0,2,"BAJO"
"683","TERCERA","NO","female","ADULTO",0,2,"ALTO"
"684","TERCERA","NO","male","ADULTO",1,1,"BAJO"
"685","TERCERA","NO","female","ADULTO",1,1,"BAJO"
"686","TERCERA","NO","male","ADULTO",0,0,"BAJO"
"687","TERCERA","SI","female","ADULTO",0,0,"ALTO"
"688","TERCERA","NO","female","ADULTO",0,0,"ALTO"
"689","TERCERA","NO","male","ADULTO",1,0,"ALTO"
"690","TERCERA","NO","male","ADULTO",1,0,"ALTO"
"691","TERCERA","NO","male","ADULTO",0,0,"ALTO"
"692","TERCERA","NO","male","ADULTO",0,0,"ALTO"
"693","TERCERA","NO","female","ADULTO",0,0,"ALTO"
"694","TERCERA","SI","male","ADULTO",0,0,"ALTO"
"695","TERCERA","NO","male","ADULTO",0,0,"ALTO"
"696","TERCERA","NO","female","ADULTO",0,0,"ALTO"
"697","TERCERA","NO","female","ADULTO",0,0,"ALTO"
"698","TERCERA","NO","female","ADULTO",0,0,"ALTO"
"699","TERCERA","NO","male","ADULTO",0,0,"ALTO"
"700","TERCERA","NO","male","ADULTO",0,0,"ALTO"
"701","TERCERA","NO","male","MENOR",0,0,"ALTO"
"702","TERCERA","NO","male","MENOR",0,0,"ALTO"
"703","TERCERA","NO","female","ADULTO",0,0,"ALTO"
"704","TERCERA","NO","male","ADULTO",0,0,"ALTO"
"705","TERCERA","NO","male","ADULTO",0,0,"ALTO"
"706","TERCERA","NO","male","ADULTO",1,0,"BAJO"
"707","TERCERA","NO","female","ADULTO",1,0,"BAJO"
"708","TERCERA","NO","male","ADULTO",0,0,"ALTO"
"709","TERCERA","NO","male","ADULTO",0,0,"ALTO"
"710","TERCERA","SI","female","MENOR",0,0,"ALTO"
"711","TERCERA","NO","female","ADULTO",0,0,"ALTO"
"712","TERCERA","NO","male","ADULTO",0,0,"ALTO"
"713","TERCERA","NO","male","ADULTO",0,0,"ALTO"
"714","TERCERA","NO","male","ADULTO",0,0,"ALTO"
"715","TERCERA","SI","male","ADULTO",0,0,"ALTO"
"716","TERCERA","NO","male","ADULTO",0,0,"ALTO"
"717","TERCERA","NO","male","ADULTO",1,0,"BAJO"
"718","TERCERA","NO","male","ADULTO",1,0,"BAJO"
"719","TERCERA","NO","male","ADULTO",0,0,"ALTO"
"720","TERCERA","SI","male","ADULTO",0,0,"ALTO"
"721","TERCERA","NO","male","ADULTO",0,0,"ALTO"
"722","TERCERA","NO","male","ADULTO",0,0,"ALTO"
"723","TERCERA","NO","male","ADULTO",0,0,"ALTO"
"724","TERCERA","NO","male","ADULTO",0,0,"ALTO"
"725","TERCERA","NO","male","ADULTO",0,0,"ALTO"
"726","TERCERA","SI","female","ADULTO",0,0,"ALTO"
"727","TERCERA","NO","female","ADULTO",0,0,"ALTO"
"728","TERCERA","NO","male","ADULTO",0,0,"ALTO"
"729","TERCERA","NO","male","ADULTO",0,0,"ALTO"
"730","TERCERA","NO","male","ADULTO",0,0,"ALTO"
"731","TERCERA","NO","male","ADULTO",0,0,"ALTO"
"732","TERCERA","NO","male","ADULTO",0,0,"ALTO"
"733","TERCERA","NO","male","ADULTO",0,0,"ALTO"
"734","TERCERA","SI","male","MENOR",1,1,"BAJO"
"735","TERCERA","SI","male","MENOR",1,1,"BAJO"
"736","TERCERA","SI","female","ADULTO",0,2,"BAJO"
"737","TERCERA","NO","male","ADULTO",0,0,"ALTO"
"738","TERCERA","NO","male","ADULTO",0,0,"ALTO"
"739","TERCERA","SI","female","MENOR",0,1,"BAJO"
"740","TERCERA","NO","male","ADULTO",0,1,"BAJO"
"741","TERCERA","NO","male","MENOR",0,0,"ALTO"
"742","TERCERA","NO","male","ADULTO",0,0,"ALTO"
"743","TERCERA","SI","male","ADULTO",0,0,"ALTO"
"744","TERCERA","NO","female","ADULTO",0,0,"BAJO"
"745","TERCERA","NO","male","ADULTO",0,0,"BAJO"
"746","TERCERA","SI","female","ADULTO",0,0,"ALTO"
"747","TERCERA","SI","male","ADULTO",0,0,"ALTO"
"748","TERCERA","NO","male","MENOR",0,2,"BAJO"
"749","TERCERA","NO","male","ADULTO",1,1,"BAJO"
"750","TERCERA","NO","female","ADULTO",1,1,"BAJO"
"751","TERCERA","NO","male","ADULTO",0,0,"ALTO"
"752","TERCERA","NO","male","ADULTO",0,0,"ALTO"
"753","TERCERA","NO","male","ADULTO",2,0,"BAJO"
"754","TERCERA","NO","male","ADULTO",0,0,"ALTO"
"755","TERCERA","NO","male","ADULTO",2,0,"BAJO"
"756","TERCERA","NO","male","MENOR",2,0,"ALTO"
"757","TERCERA","NO","male","ADULTO",1,0,"BAJO"
"758","TERCERA","SI","female","ADULTO",1,0,"BAJO"
"759","TERCERA","SI","male","ADULTO",1,0,"BAJO"
"760","TERCERA","SI","female","ADULTO",1,0,"BAJO"
"761","TERCERA","SI","male","ADULTO",0,0,"ALTO"
"762","TERCERA","NO","male","MENOR",0,0,"ALTO"
"763","TERCERA","SI","male","MENOR",1,2,"BAJO"
"764","TERCERA","SI","female","MENOR",1,2,"BAJO"
"765","TERCERA","NO","male","ADULTO",1,2,"BAJO"
"766","TERCERA","SI","female","ADULTO",1,2,"BAJO"
"767","TERCERA","NO","male","ADULTO",0,0,"ALTO"
"768","TERCERA","NO","male","ADULTO",0,0,"ALTO"
"769","TERCERA","NO","male","ADULTO",0,0,"ALTO"
"770","TERCERA","NO","male","ADULTO",0,0,"ALTO"
"771","TERCERA","NO","male","ADULTO",0,0,"ALTO"
"772","TERCERA","SI","female","ADULTO",0,0,"ALTO"
"773","TERCERA","NO","male","MENOR",0,0,"ALTO"
"774","TERCERA","NO","male","ADULTO",0,0,"ALTO"
"775","TERCERA","NO","male","ADULTO",0,0,"ALTO"
"776","TERCERA","NO","male","ADULTO",0,0,"ALTO"
"777","TERCERA","NO","male","ADULTO",0,0,"ALTO"
"778","TERCERA","SI","male","ADULTO",0,0,"ALTO"
"779","TERCERA","SI","female","ADULTO",0,0,"BAJO"
"780","TERCERA","NO","female","ADULTO",0,0,"ALTO"
"781","TERCERA","SI","female","ADULTO",0,0,"ALTO"
"782","TERCERA","NO","male","ADULTO",0,0,"ALTO"
"783","TERCERA","NO","male","ADULTO",0,0,"ALTO"
"784","TERCERA","SI","male","ADULTO",0,0,"ALTO"
"785","TERCERA","NO","male","ADULTO",1,0,"BAJO"
"786","TERCERA","SI","female","ADULTO",1,0,"BAJO"
"787","TERCERA","NO","male","ADULTO",0,0,"ALTO"
"788","TERCERA","NO","male","MENOR",0,0,"ALTO"
"789","TERCERA","NO","male","ADULTO",0,0,"ALTO"
"790","TERCERA","NO","male","ADULTO",0,0,"ALTO"
"791","TERCERA","NO","male","ADULTO",0,2,"ALTO"
"792","TERCERA","NO","male","MENOR",1,1,"ALTO"
"793","TERCERA","NO","male","MENOR",1,1,"ALTO"
"794","TERCERA","NO","male","ADULTO",0,0,"ALTO"
"795","TERCERA","SI","female","MENOR",0,0,"BAJO"
"796","TERCERA","NO","male","ADULTO",0,0,"ALTO"
"797","TERCERA","NO","male","ADULTO",0,0,"BAJO"
"798","TERCERA","NO","male","ADULTO",0,0,"ALTO"
"799","TERCERA","SI","male","ADULTO",0,0,"ALTO"
"800","TERCERA","NO","male","ADULTO",0,0,"ALTO"
"801","TERCERA","NO","female","ADULTO",0,0,"ALTO"
"802","TERCERA","NO","male","ADULTO",0,0,"ALTO"
"803","TERCERA","NO","male","ADULTO",0,0,"ALTO"
"804","TERCERA","NO","male","ADULTO",0,0,"ALTO"
"805","TERCERA","NO","male","ADULTO",0,0,"ALTO"
"806","TERCERA","SI","male","ADULTO",0,0,"ALTO"
"807","TERCERA","NO","female","ADULTO",2,2,"ALTO"
"808","TERCERA","NO","female","MENOR",2,2,"ALTO"
"809","TERCERA","NO","male","ADULTO",0,0,"ALTO"
"810","TERCERA","NO","male","ADULTO",2,2,"ALTO"
"811","TERCERA","NO","male","MENOR",1,3,"ALTO"
"812","TERCERA","NO","female","ADULTO",1,3,"ALTO"
"813","TERCERA","NO","male","ADULTO",0,0,"ALTO"
"814","TERCERA","NO","male","ADULTO",0,0,"ALTO"
"815","TERCERA","NO","male","ADULTO",0,0,"ALTO"
"816","TERCERA","NO","male","ADULTO",0,0,"BAJO"
"817","TERCERA","NO","male","ADULTO",0,0,"ALTO"
"818","TERCERA","NO","male","ADULTO",0,0,"ALTO"
"819","TERCERA","SI","female","MENOR",0,0,"ALTO"
"820","TERCERA","SI","female","ADULTO",0,0,"ALTO"
"821","TERCERA","SI","male","MENOR",0,2,"BAJO"
"822","TERCERA","NO","male","ADULTO",1,1,"BAJO"
"823","TERCERA","NO","male","ADULTO",0,0,"ALTO"
"824","TERCERA","SI","female","ADULTO",1,1,"BAJO"
"825","TERCERA","NO","male","ADULTO",0,0,"ALTO"
"826","TERCERA","NO","male","MENOR",5,2,"ALTO"
"827","TERCERA","NO","male","MENOR",5,2,"ALTO"
"828","TERCERA","NO","male","MENOR",5,2,"ALTO"
"829","TERCERA","NO","female","MENOR",5,2,"ALTO"
"830","TERCERA","NO","female","MENOR",5,2,"ALTO"
"831","TERCERA","NO","male","MENOR",5,2,"ALTO"
"832","TERCERA","NO","male","ADULTO",1,6,"ALTO"
"833","TERCERA","NO","female","ADULTO",1,6,"ALTO"
"834","TERCERA","NO","male","ADULTO",0,0,"ALTO"
"835","TERCERA","NO","male","ADULTO",0,0,"ALTO"
"836","TERCERA","NO","male","ADULTO",0,0,"ALTO"
"837","TERCERA","NO","male","ADULTO",0,0,"ALTO"
"838","TERCERA","NO","male","ADULTO",2,0,"ALTO"
"839","TERCERA","NO","male","ADULTO",2,0,"ALTO"
"840","TERCERA","NO","male","ADULTO",0,0,"ALTO"
"841","TERCERA","NO","female","ADULTO",0,0,"ALTO"
"842","TERCERA","NO","female","MENOR",0,0,"ALTO"
"843","TERCERA","NO","male","ADULTO",1,0,"BAJO"
"844","TERCERA","NO","male","ADULTO",1,0,"BAJO"
"845","TERCERA","NO","male","ADULTO",1,0,"BAJO"
"846","TERCERA","SI","female","ADULTO",1,0,"BAJO"
"847","TERCERA","NO","male","ADULTO",0,0,"ALTO"
"848","TERCERA","NO","male","ADULTO",0,0,"ALTO"
"849","TERCERA","NO","male","ADULTO",2,0,"BAJO"
"850","TERCERA","NO","male","ADULTO",1,0,"ALTO"
"851","TERCERA","NO","male","ADULTO",0,0,"ALTO"
"852","TERCERA","SI","female","ADULTO",1,0,"BAJO"
"853","TERCERA","NO","female","ADULTO",0,0,"ALTO"
"854","TERCERA","NO","male","ADULTO",0,0,"ALTO"
"855","TERCERA","NO","male","ADULTO",0,0,"ALTO"
"856","TERCERA","NO","male","MENOR",0,0,"BAJO"
"857","TERCERA","SI","female","ADULTO",0,0,"ALTO"
"858","TERCERA","SI","male","ADULTO",0,0,"ALTO"
"859","TERCERA","SI","male","ADULTO",0,0,"ALTO"
"860","TERCERA","NO","female","ADULTO",0,0,"ALTO"
"861","TERCERA","SI","female","MENOR",0,0,"ALTO"
"862","TERCERA","NO","female","ADULTO",0,0,"ALTO"
"863","TERCERA","SI","female","ADULTO",0,0,"ALTO"
"864","TERCERA","NO","male","ADULTO",0,0,"ALTO"
"865","TERCERA","NO","female","ADULTO",0,0,"ALTO"
"866","TERCERA","NO","female","ADULTO",0,0,"ALTO"
"867","TERCERA","SI","female","MENOR",0,1,"BAJO"
"868","TERCERA","SI","female","ADULTO",1,1,"BAJO"
"869","TERCERA","NO","male","ADULTO",0,0,"ALTO"
"870","TERCERA","NO","male","ADULTO",0,0,"BAJO"
"871","TERCERA","SI","female","ADULTO",0,0,"ALTO"
"872","TERCERA","NO","male","ADULTO",0,0,"ALTO"
"873","TERCERA","SI","female","ADULTO",0,0,"ALTO"
"874","TERCERA","NO","male","ADULTO",0,0,"ALTO"
"875","TERCERA","SI","male","ADULTO",0,0,"ALTO"
"876","TERCERA","NO","male","ADULTO",0,0,"ALTO"
"877","TERCERA","NO","male","ADULTO",0,0,"ALTO"
"878","TERCERA","NO","female","MENOR",1,0,"ALTO"
"879","TERCERA","NO","female","ADULTO",1,0,"ALTO"
"880","TERCERA","NO","male","ADULTO",0,0,"ALTO"
"881","TERCERA","SI","male","ADULTO",0,0,"ALTO"
"882","TERCERA","SI","male","ADULTO",0,0,"ALTO"
"883","TERCERA","NO","male","ADULTO",0,0,"ALTO"
"884","TERCERA","NO","male","ADULTO",0,0,"ALTO"
"885","TERCERA","NO","male","ADULTO",0,0,"ALTO"
"886","TERCERA","NO","male","MENOR",1,0,"ALTO"
"887","TERCERA","SI","female","ADULTO",0,0,"ALTO"
"888","TERCERA","SI","male","ADULTO",0,0,"ALTO"
"889","TERCERA","NO","male","ADULTO",0,0,"ALTO"
"890","TERCERA","SI","male","ADULTO",0,0,"ALTO"
"891","TERCERA","NO","male","ADULTO",0,0,"ALTO"
"892","TERCERA","NO","male","ADULTO",0,0,"ALTO"
"893","TERCERA","NO","male","ADULTO",0,0,"ALTO"
"894","TERCERA","NO","male","ADULTO",0,0,"ALTO"
"895","TERCERA","SI","male","MENOR",1,1,"BAJO"
"896","TERCERA","SI","female","MENOR",1,1,"BAJO"
"897","TERCERA","NO","male","ADULTO",0,0,"BAJO"
"898","TERCERA","NO","male","ADULTO",0,0,"ALTO"
"899","TERCERA","NO","male","ADULTO",0,0,"BAJO"
"900","TERCERA","SI","female","ADULTO",0,2,"BAJO"
"901","TERCERA","NO","male","MENOR",1,2,"BAJO"
"902","TERCERA","NO","female","MENOR",1,2,"BAJO"
"903","TERCERA","NO","male","ADULTO",1,2,"BAJO"
"904","TERCERA","NO","female","ADULTO",1,2,"BAJO"
"905","TERCERA","NO","male","ADULTO",0,0,"ALTO"
"906","TERCERA","SI","male","ADULTO",0,0,"ALTO"
"907","TERCERA","NO","male","ADULTO",0,0,"ALTO"
"908","TERCERA","NO","female","ADULTO",1,0,"ALTO"
"909","TERCERA","NO","female","ADULTO",1,0,"ALTO"
"910","TERCERA","SI","male","ADULTO",0,0,"ALTO"
"911","TERCERA","NO","male","MENOR",0,0,"ALTO"
"912","TERCERA","NO","male","ADULTO",0,0,"ALTO"
"913","TERCERA","NO","male","ADULTO",0,0,"ALTO"
"914","TERCERA","SI","male","ADULTO",0,0,"ALTO"
"915","TERCERA","NO","male","ADULTO",0,0,"ALTO"
"916","TERCERA","NO","male","ADULTO",0,0,"ALTO"
"917","TERCERA","SI","female","MENOR",0,1,"BAJO"
"918","TERCERA","SI","male","ADULTO",0,1,"BAJO"
"919","TERCERA","NO","male","ADULTO",0,0,"ALTO"
"920","TERCERA","NO","male","ADULTO",0,0,"ALTO"
"921","TERCERA","NO","male","ADULTO",0,0,"ALTO"
"922","TERCERA","NO","male","ADULTO",0,0,"ALTO"
"923","TERCERA","SI","female","ADULTO",0,0,"ALTO"
"924","TERCERA","SI","female","ADULTO",0,0,"ALTO"
"925","TERCERA","NO","male","ADULTO",0,0,"ALTO"
"926","TERCERA","NO","male","ADULTO",0,0,"ALTO"
"927","TERCERA","SI","male","ADULTO",0,0,"ALTO"
"928","TERCERA","NO","male","ADULTO",1,0,"BAJO"
"929","TERCERA","NO","female","ADULTO",1,0,"BAJO"
"930","TERCERA","NO","male","ADULTO",1,0,"ALTO"
"931","TERCERA","NO","male","ADULTO",1,0,"ALTO"
"932","TERCERA","NO","male","ADULTO",0,0,"ALTO"
"933","TERCERA","NO","female","ADULTO",2,0,"ALTO"
"934","TERCERA","NO","male","ADULTO",2,0,"ALTO"
"935","TERCERA","SI","female","MENOR",0,2,"BAJO"
"936","TERCERA","SI","male","ADULTO",3,1,"BAJO"
"937","TERCERA","SI","female","ADULTO",1,1,"BAJO"
"938","TERCERA","NO","female","MENOR",1,1,"BAJO"
"939","TERCERA","NO","male","ADULTO",1,1,"ALTO"
"940","TERCERA","NO","female","ADULTO",0,2,"BAJO"
"941","TERCERA","NO","male","ADULTO",0,0,"ALTO"
"942","TERCERA","SI","male","ADULTO",0,0,"ALTO"
"943","TERCERA","NO","male","ADULTO",0,0,"ALTO"
"944","TERCERA","NO","female","ADULTO",0,0,"ALTO"
"945","TERCERA","NO","male","ADULTO",0,0,"ALTO"
"946","TERCERA","SI","male","ADULTO",0,0,"ALTO"
"947","TERCERA","NO","male","ADULTO",0,0,"ALTO"
"948","TERCERA","SI","female","ADULTO",0,0,"ALTO"
"949","TERCERA","NO","male","MENOR",0,0,"ALTO"
"950","TERCERA","SI","male","ADULTO",0,0,"ALTO"
"951","TERCERA","NO","male","ADULTO",0,0,"ALTO"
"952","TERCERA","NO","male","ADULTO",0,0,"ALTO"
"953","TERCERA","NO","male","ADULTO",0,0,"ALTO"
"954","TERCERA","SI","male","ADULTO",0,0,"ALTO"
"955","TERCERA","NO","male","ADULTO",3,1,"BAJO"
"956","TERCERA","NO","female","MENOR",3,1,"BAJO"
"957","TERCERA","NO","female","MENOR",3,1,"BAJO"
"958","TERCERA","NO","female","MENOR",3,1,"BAJO"
"959","TERCERA","NO","female","ADULTO",0,4,"BAJO"
"960","TERCERA","NO","male","ADULTO",0,0,"ALTO"
"961","TERCERA","NO","male","ADULTO",0,0,"ALTO"
"962","TERCERA","NO","female","ADULTO",1,0,"BAJO"
"963","TERCERA","NO","male","ADULTO",1,0,"BAJO"
"964","TERCERA","NO","male","ADULTO",0,0,"BAJO"
"965","TERCERA","NO","male","ADULTO",0,0,"BAJO"
"966","TERCERA","NO","male","ADULTO",0,0,"ALTO"
"967","TERCERA","NO","female","ADULTO",0,0,"ALTO"
"968","TERCERA","NO","female","ADULTO",0,0,"ALTO"
"969","TERCERA","NO","male","ADULTO",1,0,"BAJO"
"970","TERCERA","NO","female","ADULTO",1,0,"BAJO"
"971","TERCERA","SI","male","ADULTO",1,0,"ALTO"
"972","TERCERA","NO","male","ADULTO",0,0,"ALTO"
"973","TERCERA","NO","male","ADULTO",0,0,"ALTO"
"974","TERCERA","NO","male","ADULTO",0,0,"ALTO"
"975","TERCERA","NO","male","ADULTO",1,0,"BAJO"
"976","TERCERA","NO","female","ADULTO",1,0,"BAJO"
"977","TERCERA","NO","male","ADULTO",0,0,"ALTO"
"978","TERCERA","NO","male","ADULTO",0,0,"ALTO"
"979","TERCERA","SI","male","ADULTO",0,0,"ALTO"
"980","TERCERA","NO","male","ADULTO",0,0,"ALTO"
"981","TERCERA","SI","female","ADULTO",0,0,"ALTO"
"982","TERCERA","SI","male","ADULTO",0,0,"ALTO"
"983","TERCERA","NO","male","ADULTO",0,0,"ALTO"
"984","TERCERA","NO","male","ADULTO",0,0,"ALTO"
"985","TERCERA","SI","female","ADULTO",0,0,"ALTO"
"986","TERCERA","SI","male","ADULTO",0,0,"ALTO"
"987","TERCERA","NO","male","ADULTO",0,0,"ALTO"
"988","TERCERA","NO","female","ADULTO",0,0,"ALTO"
"989","TERCERA","NO","male","ADULTO",0,0,"ALTO"
"990","TERCERA","NO","male","ADULTO",0,0,"ALTO"
"991","TERCERA","NO","male","ADULTO",0,0,"ALTO"
"992","TERCERA","SI","male","ADULTO",0,0,"ALTO"
"993","TERCERA","NO","female","ADULTO",0,0,"ALTO"
"994","TERCERA","SI","female","ADULTO",0,0,"ALTO"
"995","TERCERA","NO","male","ADULTO",0,0,"ALTO"
"996","TERCERA","NO","male","ADULTO",0,0,"ALTO"
"997","TERCERA","NO","male","ADULTO",0,0,"ALTO"
"998","TERCERA","SI","female","ADULTO",0,0,"ALTO"
"999","TERCERA","NO","male","ADULTO",0,0,"ALTO"
"1000","TERCERA","SI","female","ADULTO",0,0,"ALTO"
"1001","TERCERA","SI","male","ADULTO",0,0,"ALTO"
"1002","TERCERA","SI","female","ADULTO",2,0,"BAJO"
"1003","TERCERA","SI","female","ADULTO",2,0,"BAJO"
"1004","TERCERA","SI","male","ADULTO",2,0,"BAJO"
"1005","TERCERA","SI","female","ADULTO",0,0,"ALTO"
"1006","TERCERA","NO","male","ADULTO",0,0,"BAJO"
"1007","TERCERA","SI","female","ADULTO",0,0,"ALTO"
"1008","TERCERA","SI","female","MENOR",0,0,"ALTO"
"1009","TERCERA","NO","female","ADULTO",0,0,"ALTO"
"1010","TERCERA","NO","male","ADULTO",0,0,"ALTO"
"1011","TERCERA","NO","male","ADULTO",1,0,"BAJO"
"1012","TERCERA","NO","female","ADULTO",1,0,"BAJO"
"1013","TERCERA","NO","female","ADULTO",0,0,"ALTO"
"1014","TERCERA","NO","female","ADULTO",0,0,"ALTO"
"1015","TERCERA","NO","female","ADULTO",0,0,"ALTO"
"1016","TERCERA","NO","male","ADULTO",0,0,"ALTO"
"1017","TERCERA","NO","male","ADULTO",0,0,"ALTO"
"1018","TERCERA","SI","male","ADULTO",0,0,"ALTO"
"1019","TERCERA","NO","male","ADULTO",0,0,"ALTO"
"1020","TERCERA","NO","male","ADULTO",0,0,"ALTO"
"1021","TERCERA","NO","male","ADULTO",0,0,"ALTO"
"1022","TERCERA","NO","male","ADULTO",0,0,"ALTO"
"1023","TERCERA","NO","male","ADULTO",0,0,"ALTO"
"1024","TERCERA","SI","female","ADULTO",0,0,"ALTO"
"1025","TERCERA","NO","male","ADULTO",0,0,"ALTO"
"1026","TERCERA","SI","male","MENOR",0,1,"BAJO"
"1027","TERCERA","SI","female","ADULTO",0,1,"BAJO"
"1028","TERCERA","NO","male","ADULTO",0,0,"ALTO"
"1029","TERCERA","SI","female","ADULTO",1,0,"BAJO"
"1030","TERCERA","NO","male","ADULTO",1,0,"BAJO"
"1031","TERCERA","NO","male","ADULTO",0,0,"ALTO"
"1032","TERCERA","NO","male","ADULTO",0,0,"ALTO"
"1033","TERCERA","NO","male","ADULTO",0,0,"ALTO"
"1034","TERCERA","SI","male","ADULTO",0,0,"ALTO"
"1035","TERCERA","SI","male","MENOR",1,1,"BAJO"
"1036","TERCERA","SI","male","ADULTO",1,1,"BAJO"
"1037","TERCERA","SI","female","ADULTO",0,2,"BAJO"
"1038","TERCERA","SI","female","ADULTO",0,0,"ALTO"
"1039","TERCERA","NO","male","ADULTO",0,0,"ALTO"
"1040","TERCERA","SI","female","ADULTO",0,0,"ALTO"
"1041","TERCERA","SI","female","ADULTO",0,0,"ALTO"
"1042","TERCERA","NO","male","ADULTO",0,0,"ALTO"
"1043","TERCERA","SI","female","ADULTO",1,0,"BAJO"
"1044","TERCERA","SI","female","ADULTO",1,0,"BAJO"
"1045","TERCERA","SI","female","ADULTO",0,0,"BAJO"
"1046","TERCERA","NO","male","ADULTO",0,0,"ALTO"
"1047","TERCERA","NO","male","ADULTO",0,0,"ALTO"
"1048","TERCERA","SI","female","MENOR",0,0,"ALTO"
"1049","TERCERA","SI","female","MENOR",0,2,"BAJO"
"1050","TERCERA","SI","male","ADULTO",1,1,"BAJO"
"1051","TERCERA","SI","female","ADULTO",1,1,"BAJO"
"1052","TERCERA","NO","male","ADULTO",0,0,"ALTO"
"1053","TERCERA","NO","male","ADULTO",0,0,"ALTO"
"1054","TERCERA","NO","male","ADULTO",0,0,"ALTO"
"1055","TERCERA","NO","female","ADULTO",0,0,"ALTO"
"1056","TERCERA","NO","male","ADULTO",0,0,"ALTO"
"1057","TERCERA","SI","male","MENOR",1,0,"BAJO"
"1058","TERCERA","SI","female","MENOR",1,0,"BAJO"
"1059","TERCERA","NO","female","ADULTO",0,0,"ALTO"
"1060","TERCERA","NO","male","ADULTO",0,0,"ALTO"
"1061","TERCERA","SI","female","ADULTO",0,0,"ALTO"
"1062","TERCERA","SI","female","ADULTO",0,0,"ALTO"
"1063","TERCERA","NO","male","ADULTO",0,0,"ALTO"
"1064","TERCERA","NO","male","ADULTO",0,0,"ALTO"
"1065","TERCERA","SI","male","ADULTO",0,0,"ALTO"
"1066","TERCERA","NO","male","ADULTO",0,0,"ALTO"
"1067","TERCERA","NO","male","ADULTO",0,0,"ALTO"
"1068","TERCERA","SI","female","ADULTO",0,0,"ALTO"
"1069","TERCERA","NO","male","ADULTO",0,0,"ALTO"
"1070","TERCERA","NO","male","ADULTO",1,0,"BAJO"
"1071","TERCERA","NO","male","ADULTO",0,0,"ALTO"
"1072","TERCERA","SI","female","ADULTO",1,0,"BAJO"
"1073","TERCERA","NO","male","ADULTO",0,0,"ALTO"
"1074","TERCERA","NO","male","ADULTO",0,0,"ALTO"
"1075","TERCERA","NO","male","ADULTO",0,0,"ALTO"
"1076","TERCERA","NO","male","ADULTO",0,0,"ALTO"
"1077","TERCERA","NO","female","ADULTO",0,0,"ALTO"
"1078","TERCERA","SI","female","ADULTO",0,0,"ALTO"
"1079","TERCERA","SI","female","ADULTO",0,0,"ALTO"
"1080","TERCERA","SI","female","ADULTO",0,0,"ALTO"
"1081","TERCERA","SI","male","ADULTO",0,0,"ALTO"
"1082","TERCERA","SI","female","MENOR",0,0,"ALTO"
"1083","TERCERA","SI","male","MENOR",0,1,"ALTO"
"1084","TERCERA","NO","male","ADULTO",0,0,"BAJO"
"1085","TERCERA","NO","male","ADULTO",0,1,"ALTO"
"1086","TERCERA","NO","male","ADULTO",0,0,"ALTO"
"1087","TERCERA","NO","female","ADULTO",0,0,"ALTO"
"1088","TERCERA","NO","male","ADULTO",0,0,"ALTO"
"1089","TERCERA","SI","male","ADULTO",0,0,"ALTO"
"1090","TERCERA","NO","male","ADULTO",0,0,"ALTO"
"1091","TERCERA","NO","female","ADULTO",0,0,"ALTO"
"1092","TERCERA","NO","female","ADULTO",0,0,"ALTO"
"1093","TERCERA","NO","male","ADULTO",0,0,"ALTO"
"1094","TERCERA","NO","male","MENOR",0,0,"ALTO"
"1095","TERCERA","SI","female","ADULTO",0,0,"ALTO"
"1096","TERCERA","NO","female","ADULTO",0,0,"ALTO"
"1097","TERCERA","NO","male","MENOR",3,1,"BAJO"
"1098","TERCERA","NO","male","MENOR",3,1,"BAJO"
"1099","TERCERA","NO","female","MENOR",3,1,"BAJO"
"1100","TERCERA","NO","female","MENOR",3,1,"BAJO"
"1101","TERCERA","NO","female","ADULTO",0,4,"BAJO"
"1102","TERCERA","NO","male","MENOR",4,1,"ALTO"
"1103","TERCERA","NO","male","MENOR",4,1,"ALTO"
"1104","TERCERA","NO","male","MENOR",4,1,"ALTO"
"1105","TERCERA","NO","male","MENOR",4,1,"ALTO"
"1106","TERCERA","NO","male","MENOR",4,1,"ALTO"
"1107","TERCERA","NO","female","ADULTO",0,5,"ALTO"
"1108","TERCERA","NO","male","ADULTO",0,0,"ALTO"
"1109","TERCERA","NO","male","ADULTO",0,0,"BAJO"
"1110","TERCERA","NO","male","MENOR",0,0,"ALTO"
"1111","TERCERA","NO","male","ADULTO",0,0,"ALTO"
"1112","TERCERA","NO","male","MENOR",1,1,"BAJO"
"1113","TERCERA","NO","female","MENOR",1,1,"BAJO"
"1114","TERCERA","NO","female","ADULTO",0,2,"BAJO"
"1115","TERCERA","NO","male","ADULTO",0,0,"ALTO"
"1116","TERCERA","NO","male","ADULTO",0,0,"ALTO"
"1117","TERCERA","NO","male","ADULTO",0,0,"ALTO"
"1118","TERCERA","NO","male","ADULTO",0,0,"ALTO"
"1119","TERCERA","NO","male","ADULTO",0,0,"ALTO"
"1120","TERCERA","NO","male","ADULTO",0,0,"ALTO"
"1121","TERCERA","SI","male","ADULTO",1,0,"ALTO"
"1122","TERCERA","SI","male","MENOR",1,1,"BAJO"
"1123","TERCERA","SI","female","MENOR",1,1,"BAJO"
"1124","TERCERA","SI","female","ADULTO",0,2,"BAJO"
"1125","TERCERA","NO","female","ADULTO",0,0,"ALTO"
"1126","TERCERA","NO","male","ADULTO",0,0,"ALTO"
"1127","TERCERA","NO","female","ADULTO",0,0,"ALTO"
"1128","TERCERA","NO","male","ADULTO",0,0,"ALTO"
"1129","TERCERA","NO","male","ADULTO",0,0,"ALTO"
"1130","TERCERA","NO","male","ADULTO",1,0,"ALTO"
"1131","TERCERA","NO","female","ADULTO",0,0,"ALTO"
"1132","TERCERA","SI","male","ADULTO",0,0,"ALTO"
"1133","TERCERA","NO","male","ADULTO",0,0,"ALTO"
"1134","TERCERA","NO","male","MENOR",0,0,"ALTO"
"1135","TERCERA","NO","male","ADULTO",0,0,"ALTO"
"1136","TERCERA","NO","male","ADULTO",0,0,"ALTO"
"1137","TERCERA","NO","female","ADULTO",0,0,"ALTO"
"1138","TERCERA","NO","male","ADULTO",0.499235474006116,0,"ALTO"
"1139","TERCERA","NO","male","ADULTO",0,0,"ALTO"
"1140","TERCERA","NO","male","ADULTO",0,0,"ALTO"
"1141","TERCERA","NO","male","ADULTO",0,0,"ALTO"
"1142","TERCERA","NO","male","MENOR",4,1,"ALTO"
"1143","TERCERA","NO","male","MENOR",4,1,"ALTO"
"1144","TERCERA","NO","male","MENOR",4,1,"ALTO"
"1145","TERCERA","NO","male","MENOR",4,1,"ALTO"
"1146","TERCERA","NO","male","MENOR",4,1,"ALTO"
"1147","TERCERA","NO","female","ADULTO",0,5,"ALTO"
"1148","TERCERA","NO","female","ADULTO",0,0,"ALTO"
"1149","TERCERA","NO","male","ADULTO",0,0,"ALTO"
"1150","TERCERA","SI","female","ADULTO",0,0,"ALTO"
"1151","TERCERA","NO","male","ADULTO",0,0,"BAJO"
"1152","TERCERA","NO","female","ADULTO",0,0,"BAJO"
"1153","TERCERA","NO","male","ADULTO",1,0,"BAJO"
"1154","TERCERA","NO","female","ADULTO",1,0,"BAJO"
"1155","TERCERA","NO","male","ADULTO",0,0,"ALTO"
"1156","TERCERA","NO","male","ADULTO",0,0,"ALTO"
"1157","TERCERA","NO","female","MENOR",1,1,"BAJO"
"1158","TERCERA","NO","male","ADULTO",1,1,"BAJO"
"1159","TERCERA","NO","female","ADULTO",0,2,"BAJO"
"1160","TERCERA","SI","female","ADULTO",0,0,"ALTO"
"1161","TERCERA","NO","male","ADULTO",0,0,"ALTO"
"1162","TERCERA","NO","male","MENOR",0,0,"ALTO"
"1163","TERCERA","SI","male","ADULTO",0,0,"ALTO"
"1164","TERCERA","NO","male","ADULTO",0,0,"BAJO"
"1165","TERCERA","NO","male","ADULTO",0,0,"ALTO"
"1166","TERCERA","NO","male","ADULTO",0,0,"ALTO"
"1167","TERCERA","NO","male","ADULTO",0,0,"ALTO"
"1168","TERCERA","NO","male","ADULTO",0,0,"ALTO"
"1169","TERCERA","NO","male","MENOR",0,0,"ALTO"
"1170","TERCERA","NO","male","ADULTO",0,0,"ALTO"
"1171","TERCERA","NO","male","MENOR",8,2,"ALTO"
"1172","TERCERA","NO","male","MENOR",8,2,"ALTO"
"1173","TERCERA","NO","female","MENOR",8,2,"ALTO"
"1174","TERCERA","NO","female","MENOR",8,2,"ALTO"
"1175","TERCERA","NO","female","MENOR",8,2,"ALTO"
"1176","TERCERA","NO","female","ADULTO",8,2,"ALTO"
"1177","TERCERA","NO","male","ADULTO",8,2,"ALTO"
"1178","TERCERA","NO","male","MENOR",8,2,"ALTO"
"1179","TERCERA","NO","male","ADULTO",8,2,"ALTO"
"1180","TERCERA","NO","male","ADULTO",1,9,"ALTO"
"1181","TERCERA","NO","female","ADULTO",1,9,"ALTO"
"1182","TERCERA","NO","male","ADULTO",0,0,"ALTO"
"1183","TERCERA","SI","female","ADULTO",0,0,"ALTO"
"1184","TERCERA","NO","male","ADULTO",0,0,"ALTO"
"1185","TERCERA","NO","male","MENOR",2,0,"BAJO"
"1186","TERCERA","NO","male","ADULTO",2,0,"BAJO"
"1187","TERCERA","NO","male","MENOR",2,0,"BAJO"
"1188","TERCERA","SI","female","MENOR",1,1,"BAJO"
"1189","TERCERA","SI","female","ADULTO",0,2,"BAJO"
"1190","TERCERA","SI","female","MENOR",1,1,"BAJO"
"1191","TERCERA","SI","male","ADULTO",0,0,"ALTO"
"1192","TERCERA","NO","male","ADULTO",0,0,"ALTO"
"1193","TERCERA","NO","male","ADULTO",0,0,"ALTO"
"1194","TERCERA","NO","male","ADULTO",0,0,"ALTO"
"1195","TERCERA","NO","male","ADULTO",0,0,"ALTO"
"1196","TERCERA","NO","male","ADULTO",0,0,"ALTO"
"1197","TERCERA","SI","male","ADULTO",0,0,"ALTO"
"1198","TERCERA","NO","male","ADULTO",0,0,"BAJO"
"1199","TERCERA","SI","female","ADULTO",0,0,"ALTO"
"1200","TERCERA","NO","male","ADULTO",0,0,"ALTO"
"1201","TERCERA","NO","male","ADULTO",0,0,"ALTO"
"1202","TERCERA","NO","male","ADULTO",0,0,"ALTO"
"1203","TERCERA","NO","male","ADULTO",0,0,"ALTO"
"1204","TERCERA","NO","male","ADULTO",0,0,"ALTO"
"1205","TERCERA","NO","male","ADULTO",0,0,"ALTO"
"1206","TERCERA","SI","female","ADULTO",0,0,"ALTO"
"1207","TERCERA","NO","male","MENOR",3,2,"ALTO"
"1208","TERCERA","NO","male","MENOR",3,2,"ALTO"
"1209","TERCERA","NO","female","MENOR",3,2,"ALTO"
"1210","TERCERA","NO","female","MENOR",3,2,"ALTO"
"1211","TERCERA","NO","male","ADULTO",1,4,"ALTO"
"1212","TERCERA","NO","female","ADULTO",1,4,"ALTO"
"1213","TERCERA","NO","male","ADULTO",0,0,"ALTO"
"1214","TERCERA","NO","male","ADULTO",0,0,"ALTO"
"1215","TERCERA","NO","male","ADULTO",0,0,"ALTO"
"1216","TERCERA","NO","male","ADULTO",0,0,"ALTO"
"1217","TERCERA","SI","female","ADULTO",0,0,"ALTO"
"1218","TERCERA","NO","male","ADULTO",0,0,"ALTO"
"1219","TERCERA","NO","male","ADULTO",0,0,"ALTO"
"1220","TERCERA","NO","male","ADULTO",0,0,"ALTO"
"1221","TERCERA","NO","male","ADULTO",0,0,"ALTO"
"1222","TERCERA","NO","male","ADULTO",0,0,"ALTO"
"1223","TERCERA","NO","male","ADULTO",0,0,"ALTO"
"1224","TERCERA","SI","female","ADULTO",0,0,"ALTO"
"1225","TERCERA","NO","male","ADULTO",0,0,"ALTO"
"1226","TERCERA","NO","male","ADULTO",0,0,"ALTO"
"1227","TERCERA","NO","male","ADULTO",0,0,"ALTO"
"1228","TERCERA","NO","female","ADULTO",0,0,"ALTO"
"1229","TERCERA","SI","male","ADULTO",0,0,"ALTO"
"1230","TERCERA","NO","male","ADULTO",0,0,"ALTO"
"1231","TERCERA","NO","female","MENOR",0,1,"BAJO"
"1232","TERCERA","NO","female","ADULTO",1,1,"BAJO"
"1233","TERCERA","SI","male","ADULTO",0,0,"ALTO"
"1234","TERCERA","SI","male","ADULTO",0,0,"ALTO"
"1235","TERCERA","NO","male","ADULTO",0,0,"ALTO"
"1236","TERCERA","NO","male","ADULTO",0,0,"ALTO"
"1237","TERCERA","SI","male","MENOR",0,0,"ALTO"
"1238","TERCERA","NO","male","ADULTO",0,0,"ALTO"
"1239","TERCERA","SI","male","ADULTO",0,0,"ALTO"
"1240","TERCERA","NO","male","ADULTO",0,0,"ALTO"
"1241","TERCERA","SI","male","MENOR",0,1,"ALTO"
"1242","TERCERA","NO","male","ADULTO",1,0,"ALTO"
"1243","TERCERA","NO","male","ADULTO",0,0,"ALTO"
"1244","TERCERA","NO","male","MENOR",0,0,"ALTO"
"1245","TERCERA","SI","female","MENOR",1,1,"ALTO"
"1246","TERCERA","NO","male","ADULTO",0,0,"ALTO"
"1247","TERCERA","NO","male","ADULTO",1,0,"BAJO"
"1248","TERCERA","SI","female","ADULTO",1,0,"BAJO"
"1249","TERCERA","NO","male","ADULTO",0,0,"ALTO"
"1250","TERCERA","NO","male","ADULTO",0,0,"ALTO"
"1251","TERCERA","NO","male","ADULTO",0,0,"ALTO"
"1252","TERCERA","NO","male","ADULTO",0,0,"ALTO"
"1253","TERCERA","NO","male","ADULTO",0,0,"ALTO"
"1254","TERCERA","NO","male","ADULTO",0,0,"ALTO"
"1255","TERCERA","SI","male","ADULTO",0,0,"BAJO"
"1256","TERCERA","NO","male","MENOR",0,0,"ALTO"
"1257","TERCERA","SI","male","MENOR",1,1,"BAJO"
"1258","TERCERA","SI","female","MENOR",1,1,"BAJO"
"1259","TERCERA","SI","female","ADULTO",0,2,"BAJO"
"1260","TERCERA","NO","male","ADULTO",0,0,"ALTO"
"1261","TERCERA","SI","female","ADULTO",0,0,"ALTO"
"1262","TERCERA","SI","female","ADULTO",0,0,"ALTO"
"1263","TERCERA","NO","male","MENOR",1,1,"BAJO"
"1264","TERCERA","NO","male","MENOR",1,1,"BAJO"
"1265","TERCERA","NO","male","ADULTO",0,2,"BAJO"
"1266","TERCERA","NO","female","MENOR",0,2,"BAJO"
"1267","TERCERA","NO","male","ADULTO",1,1,"BAJO"
"1268","TERCERA","NO","female","ADULTO",1,1,"BAJO"
"1269","TERCERA","NO","male","ADULTO",0,0,"ALTO"
"1270","TERCERA","NO","male","ADULTO",0,0,"ALTO"
"1271","TERCERA","NO","male","ADULTO",0,0,"ALTO"
"1272","TERCERA","NO","male","ADULTO",0,0,"ALTO"
"1273","TERCERA","NO","male","ADULTO",0,0,"ALTO"
"1274","TERCERA","NO","female","ADULTO",2,0,"BAJO"
"1275","TERCERA","NO","male","ADULTO",3,0,"BAJO"
"1276","TERCERA","NO","male","MENOR",2,0,"BAJO"
"1277","TERCERA","NO","female","ADULTO",1,0,"BAJO"
"1278","TERCERA","SI","male","ADULTO",0,0,"ALTO"
"1279","TERCERA","NO","male","ADULTO",0,0,"ALTO"
"1280","TERCERA","NO","female","MENOR",0,0,"ALTO"
"1281","TERCERA","NO","male","ADULTO",0,0,"ALTO"
"1282","TERCERA","NO","male","ADULTO",0,0,"ALTO"
"1283","TERCERA","NO","male","ADULTO",0,0,"ALTO"
"1284","TERCERA","NO","male","ADULTO",0,0,"ALTO"
"1285","TERCERA","NO","male","ADULTO",0,0,"ALTO"
"1286","TERCERA","NO","male","ADULTO",0,0,"ALTO"
"1287","TERCERA","SI","female","ADULTO",0,0,"ALTO"
"1288","TERCERA","NO","male","ADULTO",0,0,"ALTO"
"1289","TERCERA","NO","male","ADULTO",1,0,"ALTO"
"1290","TERCERA","NO","male","ADULTO",1,0,"ALTO"
"1291","TERCERA","SI","female","ADULTO",1,0,"ALTO"
"1292","TERCERA","NO","male","ADULTO",0,0,"ALTO"
"1293","TERCERA","NO","male","ADULTO",0,0,"ALTO"
"1294","TERCERA","NO","male","ADULTO",0,0,"ALTO"
"1295","TERCERA","NO","male","ADULTO",0,0,"BAJO"
"1296","TERCERA","NO","male","ADULTO",0,0,"ALTO"
"1297","TERCERA","NO","male","MENOR",0,0,"ALTO"
"1298","TERCERA","NO","male","ADULTO",0,0,"ALTO"
"1299","TERCERA","NO","male","ADULTO",0,0,"ALTO"
"1300","TERCERA","NO","male","ADULTO",1,0,"BAJO"
"1301","TERCERA","SI","female","MENOR",1,0,"BAJO"
"1302","TERCERA","NO","male","ADULTO",0,0,"ALTO"
"1303","TERCERA","NO","male","ADULTO",0,0,"ALTO"
"1304","TERCERA","NO","male","ADULTO",0,0,"BAJO"
"1305","TERCERA","NO","female","MENOR",1,0,"BAJO"
"1306","TERCERA","NO","female","ADULTO",1,0,"BAJO"
"1307","TERCERA","NO","male","ADULTO",0,0,"ALTO"
"1308","TERCERA","NO","male","ADULTO",0,0,"ALTO"
"1309","TERCERA","NO","male","ADULTO",0,0,"ALTO"
